{
  "grid": {
    "0.0": {
      "acc": [
        0.797270955165692,
        0.0047107391709920576
      ],
      "f1": [
        0.6855422209873555,
        0.002442091314031623
      ],
      "ap": [
        0.6597763197107804,
        0.002201825653563743
      ],
      "auc": [
        0.8337883989202134,
        0.0030348204141745837
      ]
    },
    "0.05": {
      "acc": [
        0.8035087719298245,
        0.0016540509501439759
      ],
      "f1": [
        0.6888700084961767,
        0.0014418490015698393
      ],
      "ap": [
        0.7110330970274811,
        0.006856943343939838
      ],
      "auc": [
        0.8719078735182756,
        0.0010258254031506907
      ]
    },
    "0.1": {
      "acc": [
        0.801559454191033,
        0.0033537330475799662
      ],
      "f1": [
        0.6857549687543084,
        0.007495489061054674
      ],
      "ap": [
        0.7145861919665907,
        0.006592867108037317
      ],
      "auc": [
        0.874706747783212,
        0.0005232526394197505
      ]
    },
    "0.15": {
      "acc": [
        0.8042884990253412,
        0.005259546808277605
      ],
      "f1": [
        0.6915841271933382,
        0.005089254576829312
      ],
      "ap": [
        0.7186627911044466,
        0.006331236579206406
      ],
      "auc": [
        0.8776337473104739,
        0.00012990302621249981
      ]
    },
    "0.2": {
      "acc": [
        0.8023391812865497,
        0.005317029901358995
      ],
      "f1": [
        0.6879856156061964,
        0.0006282259270974735
      ],
      "ap": [
        0.7216798996278587,
        0.006219693471002925
      ],
      "auc": [
        0.8800990540821151,
        0.0004168390215194177
      ]
    },
    "0.25": {
      "acc": [
        0.8031189083820663,
        0.005834943293214745
      ],
      "f1": [
        0.6922719329498991,
        0.005909152750602682
      ],
      "ap": [
        0.7249838605079915,
        0.006451001969163346
      ],
      "auc": [
        0.8826770227223525,
        0.0008457945291084936
      ]
    },
    "0.3": {
      "acc": [
        0.8038986354775828,
        0.006358482039103356
      ],
      "f1": [
        0.6926954743461389,
        0.008218425266592262
      ],
      "ap": [
        0.7278816999472312,
        0.0066994002470488
      ],
      "auc": [
        0.8849037514193187,
        0.000973394509969259
      ]
    },
    "0.35": {
      "acc": [
        0.808187134502924,
        0.004376207469911056
      ],
      "f1": [
        0.6971952349341519,
        0.010330195629780405
      ],
      "ap": [
        0.7302076400836249,
        0.006608572189649483
      ],
      "auc": [
        0.8867328499918266,
        0.0007683769587730144
      ]
    },
    "0.4": {
      "acc": [
        0.8062378167641325,
        0.010475656017578498
      ],
      "f1": [
        0.7089690767322345,
        0.013006095020745557
      ],
      "ap": [
        0.7326783893946258,
        0.00674810769976277
      ],
      "auc": [
        0.8884890497081838,
        0.0009135616142722213
      ]
    },
    "0.45": {
      "acc": [
        0.8155945419103313,
        0.008665150398008945
      ],
      "f1": [
        0.727704671128388,
        0.011658841771781503
      ],
      "ap": [
        0.7345528067772733,
        0.006929620903776395
      ],
      "auc": [
        0.8899514449436912,
        0.0009364470574646874
      ]
    },
    "0.5": {
      "acc": [
        0.8187134502923977,
        0.009109802296723495
      ],
      "f1": [
        0.7330328246412542,
        0.00992143657169272
      ],
      "ap": [
        0.7361696927644991,
        0.0070049924363410005
      ],
      "auc": [
        0.8911774711607707,
        0.001038167129970689
      ]
    },
    "0.55": {
      "acc": [
        0.8148148148148149,
        0.011393090991190966
      ],
      "f1": [
        0.7242798447831381,
        0.01624810694377054
      ],
      "ap": [
        0.7376023894169786,
        0.006368362087547248
      ],
      "auc": [
        0.892434424165308,
        0.0011567906069292764
      ]
    },
    "0.6": {
      "acc": [
        0.8183235867446393,
        0.01289499836923292
      ],
      "f1": [
        0.7310035957979951,
        0.016719747270017966
      ],
      "ap": [
        0.738904127805959,
        0.006462507214097496
      ],
      "auc": [
        0.8934064089139838,
        0.001218298025059008
      ]
    },
    "0.65": {
      "acc": [
        0.8159844054580896,
        0.005259546808277586
      ],
      "f1": [
        0.7164555089466108,
        0.00540570890772649
      ],
      "ap": [
        0.7402046095714927,
        0.006689196166874284
      ],
      "auc": [
        0.8942988676377678,
        0.0012174926472890608
      ]
    },
    "0.7": {
      "acc": [
        0.816374269005848,
        0.0033081019002878997
      ],
      "f1": [
        0.7144888193587273,
        0.011761566439058865
      ],
      "ap": [
        0.7410765132413308,
        0.006617784532018419
      ],
      "auc": [
        0.8950013475243107,
        0.0012986583060515969
      ]
    },
    "0.75": {
      "acc": [
        0.8171539961013646,
        0.004306183632431648
      ],
      "f1": [
        0.7171684048651935,
        0.015499181500251515
      ],
      "ap": [
        0.7419604295912839,
        0.0062477386022087794
      ],
      "auc": [
        0.8957016183546065,
        0.001234338717496398
      ]
    },
    "0.8": {
      "acc": [
        0.8202729044834308,
        0.001987921837658
      ],
      "f1": [
        0.722247024689669,
        0.011626694121038837
      ],
      "ap": [
        0.7428192750181023,
        0.005741437091229495
      ],
      "auc": [
        0.8964129344661375,
        0.0010722277516094154
      ]
    },
    "0.85": {
      "acc": [
        0.8171539961013646,
        0.001987921837658
      ],
      "f1": [
        0.7267037560141009,
        0.01610822842438595
      ],
      "ap": [
        0.7432747192665564,
        0.004704957052604032
      ],
      "auc": [
        0.8970712332277405,
        0.0010791008005343035
      ]
    },
    "0.9": {
      "acc": [
        0.8210526315789474,
        0.0034431816242993453
      ],
      "f1": [
        0.7252051349761404,
        0.01109249284348184
      ],
      "ap": [
        0.7428477491684621,
        0.0039281034052383364
      ],
      "auc": [
        0.8977913855642593,
        0.001014575068375902
      ]
    },
    "0.95": {
      "acc": [
        0.8214424951267056,
        0.005259546808277586
      ],
      "f1": [
        0.7318900490961612,
        0.005705974213208299
      ],
      "ap": [
        0.7421470049742119,
        0.004079955392612169
      ],
      "auc": [
        0.8984739839445792,
        0.000905206453026819
      ]
    },
    "1.0": {
      "acc": [
        0.8237816764132554,
        0.007230891614421583
      ],
      "f1": [
        0.7377839969774947,
        0.0108510997277483
      ],
      "ap": [
        0.7362382047977508,
        0.006046475964328968
      ],
      "auc": [
        0.9000435184080656,
        0.0010121046199384005
      ]
    }
  },
  "val_selected_alpha": [
    0.35,
    1.0,
    0.3
  ]
}