{
  "CLAIMARC": {
    "AUPRC": [
      0.7189447880261071,
      0.020002146050842474,
      3
    ],
    "AUROC": [
      0.892487441515236,
      0.006406208460939824,
      3
    ],
    "pAUPRC@R0.7": [
      0.6100748820820011,
      0.0058373275132230975,
      3
    ],
    "Brier": [
      0.16169371800723803,
      0.005508268043589457,
      3
    ],
    "MCC": [
      0.5953637200805959,
      0.004890123120017493,
      3
    ],
    "BalAcc": [
      0.8223123517170995,
      0.0009136964810655173,
      3
    ],
    "Gmean": [
      0.8206461560559023,
      0.0012689480935449639,
      3
    ],
    "F2": [
      0.8027462032193347,
      0.008988426362549696,
      3
    ],
    "MacroF1": [
      0.7834111085667494,
      0.00664984124635754,
      3
    ]
  },
  "BERT-CLS": {
    "AUPRC": [
      0.7063703680237857,
      0.007032443230565685,
      3
    ],
    "AUROC": [
      0.8882228584304214,
      0.0018364871893612922,
      3
    ],
    "pAUPRC@R0.7": [
      0.6062391436096018,
      0.0018416326525206536,
      3
    ],
    "Brier": [
      0.15959791180498914,
      0.006065604815149349,
      3
    ],
    "MCC": [
      0.5852881084572572,
      0.006126193348094816,
      3
    ],
    "BalAcc": [
      0.818471907431707,
      0.005057671786434882,
      3
    ],
    "Gmean": [
      0.8159090800324428,
      0.0033696666821424097,
      3
    ],
    "F2": [
      0.8037854249951647,
      0.014518642789236988,
      3
    ],
    "MacroF1": [
      0.7752016614859732,
      0.001939476017991224,
      3
    ]
  },
  "RoBERTa-CLS": {
    "AUPRC": [
      0.6826816347357995,
      0.02140191597244196,
      3
    ],
    "AUROC": [
      0.8708950212290305,
      0.0070898365395921275,
      3
    ],
    "pAUPRC@R0.7": [
      0.5705206117014562,
      0.010931130045490184,
      3
    ],
    "Brier": [
      0.16810749954039647,
      0.00513842336556369,
      3
    ],
    "MCC": [
      0.5466952597746156,
      0.013856778252149331,
      3
    ],
    "BalAcc": [
      0.7943655811364269,
      0.009591008401021539,
      3
    ],
    "Gmean": [
      0.7927832668019184,
      0.007717278917939355,
      3
    ],
    "F2": [
      0.7618825848194309,
      0.027668729351897826,
      3
    ],
    "MacroF1": [
      0.7604573088844347,
      0.007688710461486435,
      3
    ]
  },
  "ESIM": {
    "AUPRC": [
      0.5222101810741403,
      0.0,
      1
    ],
    "AUROC": [
      0.8114471085662782,
      0.0,
      1
    ],
    "pAUPRC@R0.7": [
      0.5206043007153841,
      0.0,
      1
    ],
    "Brier": [
      0.18134040537559004,
      0.0,
      1
    ],
    "MCC": [
      0.5608661225420561,
      0.0,
      1
    ],
    "BalAcc": [
      0.8083025169986877,
      0.0,
      1
    ],
    "Gmean": [
      0.7939707456670065,
      0.0,
      1
    ],
    "F2": [
      0.8281358281358281,
      0.0,
      1
    ],
    "MacroF1": [
      0.7358957355641704,
      0.0,
      1
    ]
  },
  "w/o RACL": {
    "AUPRC": [
      0.6997628565992406,
      0.0,
      1
    ],
    "AUROC": [
      0.88759990456877,
      0.0,
      1
    ],
    "pAUPRC@R0.7": [
      0.6008547065536923,
      0.0,
      1
    ],
    "Brier": [
      0.16605976970579656,
      0.0,
      1
    ],
    "MCC": [
      0.552490143916188,
      0.0,
      1
    ],
    "BalAcc": [
      0.7823472106246769,
      0.0,
      1
    ],
    "Gmean": [
      0.7794309196338839,
      0.0,
      1
    ],
    "F2": [
      0.7035573122529645,
      0.0,
      1
    ],
    "MacroF1": [
      0.7756763234951154,
      0.0,
      1
    ]
  },
  "Global-neg": {
    "AUPRC": [
      0.7262952716488392,
      0.0,
      1
    ],
    "AUROC": [
      0.8943828117751534,
      0.0,
      1
    ],
    "pAUPRC@R0.7": [
      0.6057089003270091,
      0.0,
      1
    ],
    "Brier": [
      0.15952987133284421,
      0.0,
      1
    ],
    "MCC": [
      0.5818187720341432,
      0.0,
      1
    ],
    "BalAcc": [
      0.8106286532267685,
      0.0,
      1
    ],
    "Gmean": [
      0.8105825174842193,
      0.0,
      1
    ],
    "F2": [
      0.7727272727272728,
      0.0,
      1
    ],
    "MacroF1": [
      0.7834615756537595,
      0.0,
      1
    ]
  }
}